data_id;hb_state;cm4_state;pp_thrust;av_alti;tvc_thrust;tvc_alti;tvc_vel;padding;time
0;2;1;0;0;3000;41;2463;0;34702
1;2;1;0;0;3000;41;2463;0;34742
2;2;1;0;0;3000;41;2463;0;34752
3;2;1;0;0;3000;41;2463;0;34752
4;2;1;0;0;3000;41;2463;0;34772
5;2;1;0;0;3000;41;2463;0;34772
6;2;1;0;0;3000;41;2463;0;34792
7;2;1;0;0;3000;41;2463;0;34812
8;2;1;0;0;3000;41;2463;0;34812
9;2;1;0;0;3000;41;2463;0;34822
10;2;1;0;0;3000;41;2463;0;34832
11;2;1;0;0;3000;41;2463;0;34832
12;2;1;0;0;3000;41;2463;0;34852
13;2;1;0;0;3000;41;2463;0;34852
14;2;1;0;0;3000;41;2463;0;34872
15;2;1;0;0;3000;41;2463;0;34872
16;2;1;0;0;3000;41;2463;0;34882
17;2;1;0;0;3000;41;2463;0;34902
18;2;1;0;0;3000;41;2463;0;34912
19;2;1;0;0;3000;41;2463;0;34922
20;2;1;0;0;3000;41;2463;0;34922
21;2;1;0;0;3000;41;2463;0;34942
22;2;1;0;0;3000;41;2463;0;34942
23;2;1;0;0;3000;41;2463;0;34962
24;2;1;0;0;3000;41;2463;0;34962
25;2;1;0;0;3000;41;2463;0;34982
26;2;1;0;0;3000;41;2463;0;34982
27;2;1;0;0;3000;41;2463;0;35002
28;2;1;0;0;3000;41;2463;0;35012
29;2;1;0;0;3000;41;2463;0;35012
30;2;1;0;0;3000;41;2463;0;35022
31;2;1;0;0;3000;41;2463;0;35022
32;2;1;0;0;3000;41;2463;0;35042
33;2;1;0;0;3000;41;2463;0;35042
34;2;1;0;0;3000;41;2463;0;35062
35;2;1;0;0;3000;41;2463;0;35062
36;2;1;0;0;3000;41;2463;0;35082
37;2;1;0;0;3000;41;2463;0;35082
38;2;1;0;0;3000;41;2463;0;35102
39;2;1;0;0;3000;41;2463;0;35122
40;2;1;0;0;3000;41;2463;0;35122
41;2;1;0;0;3000;41;2463;0;35142
42;2;1;0;0;3000;41;2463;0;35142
43;2;1;0;0;3000;41;2463;0;35162
44;2;1;0;0;3000;41;2463;0;35162
45;2;1;0;0;3000;41;2463;0;35182
46;2;1;0;0;3000;41;2463;0;35182
47;2;1;0;0;3000;41;2463;0;35202
48;2;1;0;0;3000;41;2463;0;35212
49;2;1;0;0;3000;41;2463;0;35212
50;2;1;0;0;3000;41;2463;0;35222
51;2;1;0;0;3000;41;2463;0;35232
52;2;1;0;0;3000;41;2463;0;35242
53;2;1;0;0;3000;41;2463;0;35252
54;2;1;0;0;3000;41;2463;0;35262
55;2;1;0;0;3000;41;2463;0;35272
56;2;1;0;0;3000;41;2463;0;35282
57;2;1;0;0;3000;41;2463;0;35292
58;2;1;0;0;3000;41;2463;0;35312
59;2;1;0;0;3000;41;2463;0;35322
60;2;1;0;0;3000;41;2463;0;35332
61;2;1;0;0;3000;41;2463;0;35332
62;2;1;0;0;3000;41;2463;0;35342
63;2;1;0;0;3000;41;2463;0;35342
64;2;1;0;0;3000;41;2463;0;35352
65;2;1;0;0;3000;41;2463;0;35352
66;2;1;0;0;3000;41;2463;0;35362
67;2;1;0;0;3000;41;2463;0;35362
68;2;1;0;0;3000;41;2463;0;35372
69;2;1;0;0;3000;41;2463;0;35372
70;2;1;0;0;3000;41;2463;0;35392
71;2;1;0;0;3000;41;2463;0;35402
72;2;1;0;0;3000;41;2463;0;35402
73;2;1;0;0;3000;41;2463;0;35412
74;2;1;0;0;3000;41;2463;0;35412
75;2;1;0;0;3000;41;2463;0;35422
76;2;1;0;0;3000;41;2463;0;35422
77;2;1;0;0;3000;41;2463;0;35432
78;2;1;0;0;3000;41;2463;0;35432
79;2;1;0;0;3000;41;2463;0;35442
80;2;1;0;0;3000;41;2463;0;35442
81;2;1;0;0;3000;41;2463;0;35452
82;2;1;0;0;3000;41;2463;0;35452
83;2;1;0;0;3000;41;2463;0;35462
84;2;1;0;0;3000;41;2463;0;35462
85;2;1;0;0;3000;41;2463;0;35472
86;2;1;0;0;3000;41;2463;0;35472
87;2;1;0;0;3000;41;2463;0;35482
88;2;1;0;0;3000;41;2463;0;35502
89;2;1;0;0;3000;41;2463;0;35512
90;2;1;0;0;3000;41;2463;0;35512
91;2;1;0;0;3000;41;2463;0;35522
92;2;1;0;0;3000;41;2463;0;35522
93;2;1;0;0;3000;41;2463;0;35532
94;2;1;0;0;3000;41;2463;0;35532
95;2;1;0;0;3000;41;2463;0;35542
96;2;1;0;0;3000;41;2463;0;35542
97;2;1;0;0;3000;41;2463;0;35552
98;2;1;0;0;3000;41;2463;0;35552
99;2;1;0;0;3000;41;2463;0;35562
100;2;1;0;0;3000;41;2463;0;35562
101;2;1;0;0;3000;41;2463;0;35572
102;2;1;0;0;3000;41;2463;0;35572
103;2;1;0;0;3000;41;2463;0;35592
104;2;1;0;0;3000;41;2463;0;35602
105;2;1;0;0;3000;41;2463;0;35602
106;2;1;0;0;3000;41;2463;0;35612
107;2;1;0;0;3000;41;2463;0;35622
108;2;1;0;0;3000;41;2463;0;35622
109;2;1;0;0;3000;41;2463;0;35632
110;2;1;0;0;3000;41;2463;0;35632
111;2;1;0;0;3000;41;2463;0;35642
112;2;1;0;0;3000;41;2463;0;35642
113;2;1;0;0;3000;41;2463;0;35652
114;2;1;0;0;3000;41;2463;0;35662
115;2;1;0;0;3000;41;2463;0;35662
116;2;1;0;0;3000;41;2463;0;35672
117;2;1;0;0;3000;41;2463;0;35672
118;2;1;0;0;3000;41;2463;0;35682
119;2;1;0;0;3000;41;2463;0;35702
120;2;1;0;0;3000;41;2463;0;35702
121;2;1;0;0;3000;41;2463;0;35712
122;2;1;0;0;3000;41;2463;0;35722
123;2;1;0;0;3000;41;2463;0;35722
124;2;1;0;0;3000;41;2463;0;35732
125;2;1;0;0;3000;41;2463;0;35732
126;2;1;0;0;3000;41;2463;0;35742
127;2;1;0;0;3000;41;2463;0;35742
128;2;1;0;0;3000;41;2463;0;35752
129;2;1;0;0;3000;41;2463;0;35782
130;2;1;0;0;3000;41;2463;0;35792
131;2;1;0;0;3000;41;2463;0;35802
132;2;1;0;0;3000;41;2463;0;35802
133;2;1;0;0;3000;41;2463;0;35812
134;2;1;0;0;3000;41;2463;0;35812
135;2;1;0;0;3000;41;2463;0;35822
136;2;1;0;0;3000;41;2463;0;35822
137;2;1;0;0;3000;41;2463;0;35832
138;2;1;0;0;3000;41;2463;0;35832
139;2;1;0;0;3000;41;2463;0;35842
140;2;1;0;0;3000;41;2463;0;35842
141;2;1;0;0;3000;41;2463;0;35852
142;2;1;0;0;3000;41;2463;0;35852
143;2;1;0;0;3000;41;2463;0;35862
144;2;1;0;0;3000;41;2463;0;35862
145;2;1;0;0;3000;41;2463;0;35872
146;2;1;0;0;3000;41;2463;0;35872
147;2;1;0;0;3000;41;2463;0;35892
148;2;1;0;0;3000;41;2463;0;35912
149;2;1;0;0;3000;41;2463;0;35912
150;2;1;0;0;3000;41;2463;0;35922
151;2;1;0;0;3000;41;2463;0;35922
152;2;1;0;0;3000;41;2463;0;35942
153;2;1;0;0;3000;41;2463;0;35942
154;2;1;0;0;3000;41;2463;0;35952
155;2;1;0;0;3000;41;2463;0;35952
156;2;1;0;0;3000;41;2463;0;35962
157;2;1;0;0;3000;41;2463;0;35962
158;2;1;0;0;3000;41;2463;0;35972
159;2;1;0;0;3000;41;2463;0;35972
160;2;1;0;0;3000;41;2463;0;35992
161;2;1;0;0;3000;41;2463;0;36012
162;2;1;0;0;3000;41;2463;0;36022
163;2;1;0;0;3000;41;2463;0;36032
164;2;1;0;0;3000;41;2463;0;36042
165;2;1;0;0;3000;41;2463;0;36052
166;2;1;0;0;3000;41;2463;0;36052
167;2;1;0;0;3000;41;2463;0;36072
168;2;1;0;0;3000;41;2463;0;36072
169;2;1;0;0;3000;41;2463;0;36092
170;2;1;0;0;3000;41;2463;0;36112
171;2;1;0;0;3000;41;2463;0;36122
172;2;1;0;0;3000;41;2463;0;36132
173;2;1;0;0;3000;41;2463;0;36142
174;2;1;0;0;3000;41;2463;0;36152
175;2;1;0;0;3000;41;2463;0;36162
176;2;1;0;0;3000;41;2463;0;36172
177;2;1;0;0;3000;41;2463;0;36182
178;2;1;0;0;3000;41;2463;0;36192
179;2;1;0;0;3000;41;2463;0;36212
180;2;1;0;0;3000;41;2463;0;36222
181;2;1;0;0;3000;41;2463;0;36222
182;2;1;0;0;3000;41;2463;0;36232
183;2;1;0;0;3000;41;2463;0;36242
184;2;1;0;0;3000;41;2463;0;36252
185;2;1;0;0;3000;41;2463;0;36252
186;2;1;0;0;3000;41;2463;0;36272
187;2;1;0;0;3000;41;2463;0;36272
188;2;1;0;0;3000;41;2463;0;36292
189;2;1;0;0;3000;41;2463;0;36312
190;2;1;0;0;3000;41;2463;0;36322
191;2;1;0;0;3000;41;2463;0;36332
192;2;1;0;0;3000;41;2463;0;36342
193;2;1;0;0;3000;41;2463;0;36352
194;2;1;0;0;3000;41;2463;0;36362
195;2;1;0;0;3000;41;2463;0;36372
196;2;1;0;0;3000;41;2463;0;36382
197;2;1;0;0;3000;41;2463;0;36402
198;2;1;0;0;3000;41;2463;0;36412
199;2;1;0;0;3000;41;2463;0;36412
200;2;1;0;0;3000;41;2463;0;36422
201;2;1;0;0;3000;41;2463;0;36432
202;2;1;0;0;3000;41;2463;0;36442
203;2;1;0;0;3000;41;2463;0;36452
204;2;1;0;0;3000;41;2463;0;36462
205;2;1;0;0;3000;41;2463;0;36472
206;2;1;0;0;3000;41;2463;0;36482
207;2;1;0;0;3000;41;2463;0;36492
208;2;1;0;0;3000;41;2463;0;36512
209;2;1;0;0;3000;41;2463;0;36522
210;2;1;0;0;3000;41;2463;0;36522
211;2;1;0;0;3000;41;2463;0;36532
212;2;1;0;0;3000;41;2463;0;36542
213;2;1;0;0;3000;41;2463;0;36552
214;2;1;0;0;3000;41;2463;0;36562
215;2;1;0;0;3000;41;2463;0;36572
216;2;1;0;0;3000;41;2463;0;36582
217;2;1;0;0;3000;41;2463;0;36602
218;2;1;0;0;3000;41;2463;0;36612
219;2;1;0;0;3000;41;2463;0;36612
220;2;1;0;0;3000;41;2463;0;36632
221;2;1;0;0;3000;41;2463;0;36642
222;2;1;0;0;3000;41;2463;0;36652
223;2;1;0;0;3000;41;2463;0;36662
224;2;1;0;0;3000;41;2463;0;36672
225;2;1;0;0;3000;41;2463;0;36682
226;2;1;0;0;3000;41;2463;0;36692
227;2;1;0;0;3000;41;2463;0;36712
228;2;1;0;0;3000;41;2463;0;36732
229;2;1;0;0;3000;41;2463;0;36732
230;2;1;0;0;3000;41;2463;0;36752
231;2;1;0;0;3000;41;2463;0;36752
232;2;1;0;0;3000;41;2463;0;36772
233;2;1;0;0;3000;41;2463;0;36772
234;2;1;0;0;3000;41;2463;0;36792
235;2;1;0;0;3000;41;2463;0;36812
236;2;1;0;0;3000;41;2463;0;36812
237;2;1;0;0;3000;41;2463;0;36822
238;2;1;0;0;3000;41;2463;0;36822
239;2;1;0;0;3000;41;2463;0;36832
240;2;1;0;0;3000;41;2463;0;36832
241;2;1;0;0;3000;41;2463;0;36842
242;2;1;0;0;3000;41;2463;0;36852
243;2;1;0;0;3000;41;2463;0;36862
244;2;1;0;0;3000;41;2463;0;36862
245;2;1;0;0;3000;41;2463;0;36872
246;2;1;0;0;3000;41;2463;0;36872
247;2;1;0;0;3000;41;2463;0;36882
248;2;1;0;0;3000;41;2463;0;36902
249;2;1;0;0;3000;41;2463;0;36912
250;2;1;0;0;3000;41;2463;0;36922
251;2;1;0;0;3000;41;2463;0;36922
252;2;1;0;0;3000;41;2463;0;36932
253;2;1;0;0;3000;41;2463;0;36932
254;2;1;0;0;3000;41;2463;0;36942
255;2;1;0;0;3000;41;2463;0;36942
256;2;1;0;0;3000;41;2463;0;36962
257;2;1;0;0;3000;41;2463;0;37002
258;2;1;0;0;3000;41;2463;0;37002
259;2;1;0;0;3000;41;2463;0;37012
260;2;1;0;0;3000;41;2463;0;37012
261;2;1;0;0;3000;41;2463;0;37022
262;2;1;0;0;3000;41;2463;0;37022
263;2;1;0;0;3000;41;2463;0;37032
264;2;1;0;0;3000;41;2463;0;37032
265;2;1;0;0;3000;41;2463;0;37042
266;2;1;0;0;3000;41;2463;0;37042
267;2;1;0;0;3000;41;2463;0;37052
268;2;1;0;0;3000;41;2463;0;37052
269;2;1;0;0;3000;41;2463;0;37062
270;2;1;0;0;3000;41;2463;0;37062
271;2;1;0;0;3000;41;2463;0;37072
272;2;1;0;0;3000;41;2463;0;37072
273;2;1;0;0;3000;41;2463;0;37092
274;2;1;0;0;3000;41;2463;0;37112
275;2;1;0;0;3000;41;2463;0;37122
276;2;1;0;0;3000;41;2463;0;37122
277;2;1;0;0;3000;41;2463;0;37132
278;2;1;0;0;3000;41;2463;0;37132
279;2;1;0;0;3000;41;2463;0;37142
280;2;1;0;0;3000;41;2463;0;37142
281;2;1;0;0;3000;41;2463;0;37152
282;2;1;0;0;3000;41;2463;0;37152
283;2;1;0;0;3000;41;2463;0;37162
284;2;1;0;0;3000;41;2463;0;37162
285;2;1;0;0;3000;41;2463;0;37172
286;2;1;0;0;3000;41;2463;0;37172
287;2;1;0;0;3000;41;2463;0;37182
288;2;1;0;0;3000;41;2463;0;37182
289;2;1;0;0;3000;41;2463;0;37202
290;2;1;0;0;3000;41;2463;0;37212
291;2;1;0;0;3000;41;2463;0;37212
292;2;1;0;0;3000;41;2463;0;37222
293;2;1;0;0;3000;41;2463;0;37232
294;2;1;0;0;3000;41;2463;0;37242
295;2;1;0;0;3000;41;2463;0;37252
296;2;1;0;0;3000;41;2463;0;37262
297;2;1;0;0;3000;41;2463;0;37262
298;2;1;0;0;3000;41;2463;0;37272
299;2;1;0;0;3000;41;2463;0;37272
300;2;1;0;0;3000;41;2463;0;37282
301;2;1;0;0;3000;41;2463;0;37302
302;2;1;0;0;3000;41;2463;0;37312
303;2;1;0;0;3000;41;2463;0;37322
304;2;1;0;0;3000;41;2463;0;37322
305;2;1;0;0;3000;41;2463;0;37332
306;2;1;0;0;3000;41;2463;0;37342
307;2;1;0;0;3000;41;2463;0;37352
308;2;1;0;0;3000;41;2463;0;37362
309;2;1;0;0;3000;41;2463;0;37372
310;2;1;0;0;3000;41;2463;0;37372
311;2;1;0;0;3000;41;2463;0;37382
312;2;1;0;0;3000;41;2463;0;37402
313;2;1;0;0;3000;41;2463;0;37402
314;2;1;0;0;3000;41;2463;0;37412
315;2;1;0;0;3000;41;2463;0;37412
316;2;1;0;0;3000;41;2463;0;37422
317;2;1;0;0;3000;41;2463;0;37432
318;2;1;0;0;3000;41;2463;0;37432
319;2;1;0;0;3000;41;2463;0;37442
320;2;1;0;0;3000;41;2463;0;37442
321;2;1;0;0;3000;41;2463;0;37452
322;2;1;0;0;3000;41;2463;0;37452
323;2;1;0;0;3000;41;2463;0;37462
324;2;1;0;0;3000;41;2463;0;37462
325;2;1;0;0;3000;41;2463;0;37472
326;2;1;0;0;3000;41;2463;0;37472
327;2;1;0;0;3000;41;2463;0;37482
328;2;1;0;0;3000;41;2463;0;37502
329;2;1;0;0;3000;41;2463;0;37502
330;2;1;0;0;3000;41;2463;0;37512
331;2;1;0;0;3000;41;2463;0;37522
332;2;1;0;0;3000;41;2463;0;37532
333;2;1;0;0;3000;41;2463;0;37532
334;2;1;0;0;3000;41;2463;0;37542
335;2;1;0;0;3000;41;2463;0;37552
336;2;1;0;0;3000;41;2463;0;37562
337;2;1;0;0;3000;41;2463;0;37562
338;2;1;0;0;3000;41;2463;0;37582
339;2;1;0;0;3000;41;2463;0;37582
340;2;1;0;0;3000;41;2463;0;37592
341;2;1;0;0;3000;41;2463;0;37612
342;2;1;0;0;3000;41;2463;0;37612
343;2;1;0;0;3000;41;2463;0;37622
344;2;1;0;0;3000;41;2463;0;37622
345;2;1;0;0;3000;41;2463;0;37632
346;2;1;0;0;3000;41;2463;0;37642
347;2;1;0;0;3000;41;2463;0;37652
348;2;1;0;0;3000;41;2463;0;37652
349;2;1;0;0;3000;41;2463;0;37662
350;2;1;0;0;3000;41;2463;0;37672
351;2;1;0;0;3000;41;2463;0;37682
352;2;1;0;0;3000;41;2463;0;37682
353;2;1;0;0;3000;41;2463;0;37702
354;2;1;0;0;3000;41;2463;0;37712
355;2;1;0;0;3000;41;2463;0;37712
356;2;1;0;0;3000;41;2463;0;37732
357;2;1;0;0;3000;41;2463;0;37732
358;2;1;0;0;3000;41;2463;0;37752
359;2;1;0;0;3000;41;2463;0;37752
360;2;1;0;0;3000;41;2463;0;37772
361;2;1;0;0;3000;41;2463;0;37772
362;2;1;0;0;3000;41;2463;0;37792
363;2;1;0;0;3000;41;2463;0;37812
364;2;1;0;0;3000;41;2463;0;37812
365;2;1;0;0;3000;41;2463;0;37822
366;2;1;0;0;3000;41;2463;0;37822
367;2;1;0;0;3000;41;2463;0;37832
368;2;1;0;0;3000;41;2463;0;37842
369;2;1;0;0;3000;41;2463;0;37852
370;2;1;0;0;3000;41;2463;0;37852
371;2;1;0;0;3000;41;2463;0;37872
372;2;1;0;0;3000;41;2463;0;37872
373;2;1;0;0;3000;41;2463;0;37892
374;2;1;0;0;3000;41;2463;0;37912
375;2;1;0;0;3000;41;2463;0;37912
376;2;1;0;0;3000;41;2463;0;37922
377;2;1;0;0;3000;41;2463;0;37922
378;2;1;0;0;3000;41;2463;0;37942
379;2;1;0;0;3000;41;2463;0;37942
380;2;1;0;0;3000;41;2463;0;37952
381;2;1;0;0;3000;41;2463;0;37962
382;2;1;0;0;3000;41;2463;0;37972
383;2;1;0;0;3000;41;2463;0;37972
384;2;1;0;0;3000;41;2463;0;37982
385;2;1;0;0;3000;41;2463;0;38022
386;2;1;0;0;3000;41;2463;0;38032
387;2;1;0;0;3000;41;2463;0;38032
388;2;1;0;0;3000;41;2463;0;38052
389;2;1;0;0;3000;41;2463;0;38052
390;2;1;0;0;3000;41;2463;0;38072
391;2;1;0;0;3000;41;2463;0;38072
392;2;1;0;0;3000;41;2463;0;38082
393;2;1;0;0;3000;41;2463;0;38092
394;2;1;0;0;3000;41;2463;0;38112
395;2;1;0;0;3000;41;2463;0;38112
396;2;1;0;0;3000;41;2463;0;38122
397;2;1;0;0;3000;41;2463;0;38142
398;2;1;0;0;3000;41;2463;0;38142
399;2;1;0;0;3000;41;2463;0;38162
400;2;1;0;0;3000;41;2463;0;38162
401;2;1;0;0;3000;41;2463;0;38172
402;2;1;0;0;3000;41;2463;0;38182
403;2;1;0;0;3000;41;2463;0;38192
404;2;1;0;0;3000;41;2463;0;38212
405;2;1;0;0;3000;41;2463;0;38232
406;2;1;0;0;3000;41;2463;0;38232
407;2;1;0;0;3000;41;2463;0;38242
408;2;1;0;0;3000;41;2463;0;38252
409;2;1;0;0;3000;41;2463;0;38262
410;2;1;0;0;3000;41;2463;0;38262
411;2;1;0;0;3000;41;2463;0;38282
412;2;1;0;0;3000;41;2463;0;38282
413;2;1;0;0;3000;41;2463;0;38302
414;2;1;0;0;3000;41;2463;0;38322
415;2;1;0;0;3000;41;2463;0;38322
416;2;1;0;0;3000;41;2463;0;38332
417;2;1;0;0;3000;41;2463;0;38332
418;2;1;0;0;3000;41;2463;0;38342
419;2;1;0;0;3000;41;2463;0;38352
420;2;1;0;0;3000;41;2463;0;38362
421;2;1;0;0;3000;41;2463;0;38362
422;2;1;0;0;3000;41;2463;0;38372
423;2;1;0;0;3000;41;2463;0;38372
424;2;1;0;0;3000;41;2463;0;38392
425;2;1;0;0;3000;41;2463;0;38412
426;2;1;0;0;3000;41;2463;0;38412
427;2;1;0;0;3000;41;2463;0;38422
428;2;1;0;0;3000;41;2463;0;38442
429;2;1;0;0;3000;41;2463;0;38442
430;2;1;0;0;3000;41;2463;0;38462
431;2;1;0;0;3000;41;2463;0;38462
432;2;1;0;0;3000;41;2463;0;38482
433;2;1;0;0;3000;41;2463;0;38482
434;2;1;0;0;3000;41;2463;0;38502
435;2;1;0;0;3000;41;2463;0;38512
436;2;1;0;0;3000;41;2463;0;38522
437;2;1;0;0;3000;41;2463;0;38532
438;2;1;0;0;3000;41;2463;0;38542
439;2;1;0;0;3000;41;2463;0;38542
440;2;1;0;0;3000;41;2463;0;38562
441;2;1;0;0;3000;41;2463;0;38562
442;2;1;0;0;3000;41;2463;0;38582
443;2;1;0;0;3000;41;2463;0;38582
444;2;1;0;0;3000;41;2463;0;38602
445;2;1;0;0;3000;41;2463;0;38622
446;2;1;0;0;3000;41;2463;0;38622
447;2;1;0;0;3000;41;2463;0;38632
448;2;1;0;0;3000;41;2463;0;38642
449;2;1;0;0;3000;41;2463;0;38652
450;2;1;0;0;3000;41;2463;0;38652
451;2;1;0;0;3000;41;2463;0;38672
452;2;1;0;0;3000;41;2463;0;38672
453;2;1;0;0;3000;41;2463;0;38692
454;2;1;0;0;3000;41;2463;0;38712
455;2;1;0;0;3000;41;2463;0;38712
456;2;1;0;0;3000;41;2463;0;38722
457;2;1;0;0;3000;41;2463;0;38722
458;2;1;0;0;3000;41;2463;0;38742
459;2;1;0;0;3000;41;2463;0;38742
460;2;1;0;0;3000;41;2463;0;38762
461;2;1;0;0;3000;41;2463;0;38762
462;2;1;0;0;3000;41;2463;0;38782
463;2;1;0;0;3000;41;2463;0;38782
464;2;1;0;0;3000;41;2463;0;38802
465;2;1;0;0;3000;41;2463;0;38822
466;2;1;0;0;3000;41;2463;0;38822
467;2;1;0;0;3000;41;2463;0;38832
468;2;1;0;0;3000;41;2463;0;38842
469;2;1;0;0;3000;41;2463;0;38852
470;2;1;0;0;3000;41;2463;0;38862
471;2;1;0;0;3000;41;2463;0;38872
472;2;1;0;0;3000;41;2463;0;38882
473;2;1;0;0;3000;41;2463;0;38892
474;2;1;0;0;3000;41;2463;0;38912
475;2;1;0;0;3000;41;2463;0;38922
476;2;1;0;0;3000;41;2463;0;38922
477;2;1;0;0;3000;41;2463;0;38942
478;2;1;0;0;3000;41;2463;0;38942
479;2;1;0;0;3000;41;2463;0;38962
480;2;1;0;0;3000;41;2463;0;38962
481;2;1;0;0;3000;41;2463;0;38972
482;2;1;0;0;3000;41;2463;0;38982
483;2;1;0;0;3000;41;2463;0;38982
484;2;1;0;0;3000;41;2463;0;39002
485;2;1;0;0;3000;41;2463;0;39022
486;2;1;0;0;3000;41;2463;0;39022
487;2;1;0;0;3000;41;2463;0;39032
488;2;1;0;0;3000;41;2463;0;39042
489;2;1;0;0;3000;41;2463;0;39042
490;2;1;0;0;3000;41;2463;0;39062
491;2;1;0;0;3000;41;2463;0;39062
492;2;1;0;0;3000;41;2463;0;39072
493;2;1;0;0;3000;41;2463;0;39082
494;2;1;0;0;3000;41;2463;0;39082
495;2;1;0;0;3000;41;2463;0;39102
496;2;1;0;0;3000;41;2463;0;39122
497;2;1;0;0;3000;41;2463;0;39132
498;2;1;0;0;3000;41;2463;0;39132
499;2;1;0;0;3000;41;2463;0;39142
500;2;1;0;0;3000;41;2463;0;39142
501;2;1;0;0;3000;41;2463;0;39162
502;2;1;0;0;3000;41;2463;0;39162
503;2;1;0;0;3000;41;2463;0;39182
504;2;1;0;0;3000;41;2463;0;39182
505;2;1;0;0;3000;41;2463;0;39202
506;2;1;0;0;3000;41;2463;0;39222
507;2;1;0;0;3000;41;2463;0;39222
508;2;1;0;0;3000;41;2463;0;39232
509;2;1;0;0;3000;41;2463;0;39232
510;2;1;0;0;3000;41;2463;0;39252
511;2;1;0;0;3000;41;2463;0;39252
512;2;1;0;0;3000;41;2463;0;39272
513;2;1;0;0;3000;41;2463;0;39312
514;2;1;0;0;3000;41;2463;0;39312
515;2;1;0;0;3000;41;2463;0;39312
516;2;1;0;0;3000;41;2463;0;39322
517;2;1;0;0;3000;41;2463;0;39332
518;2;1;0;0;3000;41;2463;0;39332
519;2;1;0;0;3000;41;2463;0;39352
520;2;1;0;0;3000;41;2463;0;39352
521;2;1;0;0;3000;41;2463;0;39362
522;2;1;0;0;3000;41;2463;0;39372
523;2;1;0;0;3000;41;2463;0;39382
524;2;1;0;0;3000;41;2463;0;39392
525;2;1;0;0;3000;41;2463;0;39412
526;2;1;0;0;3000;41;2463;0;39412
527;2;1;0;0;3000;41;2463;0;39422
528;2;1;0;0;3000;41;2463;0;39432
529;2;1;0;0;3000;41;2463;0;39442
530;2;1;0;0;3000;41;2463;0;39452
531;2;1;0;0;3000;41;2463;0;39462
532;2;1;0;0;3000;41;2463;0;39472
533;2;1;0;0;3000;41;2463;0;39482
534;2;1;0;0;3000;41;2463;0;39492
535;2;1;0;0;3000;41;2463;0;39512
536;2;1;0;0;3000;41;2463;0;39532
537;2;1;0;0;3000;41;2463;0;39532
538;2;1;0;0;3000;41;2463;0;39542
539;2;1;0;0;3000;41;2463;0;39552
540;2;1;0;0;3000;41;2463;0;39562
541;2;1;0;0;3000;41;2463;0;39572
542;2;1;0;0;3000;41;2463;0;39582
543;2;1;0;0;3000;41;2463;0;39592
544;2;1;0;0;3000;41;2463;0;39612
545;2;1;0;0;3000;41;2463;0;39622
546;2;1;0;0;3000;41;2463;0;39632
547;2;1;0;0;3000;41;2463;0;39632
548;2;1;0;0;3000;41;2463;0;39642
549;2;1;0;0;3000;41;2463;0;39642
550;2;1;0;0;3000;41;2463;0;39652
551;2;1;0;0;3000;41;2463;0;39652
552;2;1;0;0;3000;41;2463;0;39672
553;2;1;0;0;3000;41;2463;0;39672
554;2;1;0;0;3000;41;2463;0;39682
555;2;1;0;0;3000;41;2463;0;39692
556;2;1;0;0;3000;41;2463;0;39712
557;2;1;0;0;3000;41;2463;0;39722
558;2;1;0;0;3000;41;2463;0;39722
559;2;1;0;0;3000;41;2463;0;39742
560;2;1;0;0;3000;41;2463;0;39752
561;2;1;0;0;3000;41;2463;0;39762
562;2;1;0;0;3000;41;2463;0;39772
563;2;1;0;0;3000;41;2463;0;39772
564;2;1;0;0;3000;41;2463;0;39782
565;2;1;0;0;3000;41;2463;0;39782
566;2;1;0;0;3000;41;2463;0;39792
567;2;1;0;0;3000;41;2463;0;39812
568;2;1;0;0;3000;41;2463;0;39812
569;2;1;0;0;3000;41;2463;0;39822
570;2;1;0;0;3000;41;2463;0;39832
571;2;1;0;0;3000;41;2463;0;39842
572;2;1;0;0;3000;41;2463;0;39842
573;2;1;0;0;3000;41;2463;0;39852
574;2;1;0;0;3000;41;2463;0;39852
575;2;1;0;0;3000;41;2463;0;39872
576;2;1;0;0;3000;41;2463;0;39872
577;2;1;0;0;3000;41;2463;0;39882
578;2;1;0;0;3000;41;2463;0;39892
579;2;1;0;0;3000;41;2463;0;39902
580;2;1;0;0;3000;41;2463;0;39922
581;2;1;0;0;3000;41;2463;0;39922
582;2;1;0;0;3000;41;2463;0;39932
583;2;1;0;0;3000;41;2463;0;39932
584;2;1;0;0;3000;41;2463;0;39942
585;2;1;0;0;3000;41;2463;0;39942
586;2;1;0;0;3000;41;2463;0;39962
587;2;1;0;0;3000;41;2463;0;39962
588;2;1;0;0;3000;41;2463;0;39962
589;2;1;0;0;3000;41;2463;0;39972
590;2;1;0;0;3000;41;2463;0;39972
591;2;1;0;0;3000;41;2463;0;39982
592;2;1;0;0;3000;41;2463;0;39982
593;2;1;0;0;3000;41;2463;0;40012
594;2;1;0;0;3000;41;2463;0;40012
595;2;1;0;0;3000;41;2463;0;40022
596;2;1;0;0;3000;41;2463;0;40022
597;2;1;0;0;3000;41;2463;0;40032
598;2;1;0;0;3000;41;2463;0;40032
599;2;1;0;0;3000;41;2463;0;40042
600;2;1;0;0;3000;41;2463;0;40042
601;2;1;0;0;3000;41;2463;0;40052
602;2;1;0;0;3000;41;2463;0;40052
603;2;1;0;0;3000;41;2463;0;40062
604;2;1;0;0;3000;41;2463;0;40062
605;2;1;0;0;3000;41;2463;0;40072
606;2;1;0;0;3000;41;2463;0;40072
607;2;1;0;0;3000;41;2463;0;40082
608;2;1;0;0;3000;41;2463;0;40082
609;2;1;0;0;3000;41;2463;0;40092
610;2;1;0;0;3000;41;2463;0;40112
611;2;1;0;0;3000;41;2463;0;40112
612;2;1;0;0;3000;41;2463;0;40122
613;2;1;0;0;3000;41;2463;0;40122
614;2;1;0;0;3000;41;2463;0;40142
615;2;1;0;0;3000;41;2463;0;40142
616;2;1;0;0;3000;41;2463;0;40162
617;2;1;0;0;3000;41;2463;0;40162
618;2;1;0;0;3000;41;2463;0;40182
619;2;1;0;0;3000;41;2463;0;40182
620;2;1;0;0;3000;41;2463;0;40202
621;2;1;0;0;3000;41;2463;0;40212
622;2;1;0;0;3000;41;2463;0;40222
623;2;1;0;0;3000;41;2463;0;40222
624;2;1;0;0;3000;41;2463;0;40232
625;2;1;0;0;3000;41;2463;0;40232
626;2;1;0;0;3000;41;2463;0;40242
627;2;1;0;0;3000;41;2463;0;40242
628;2;1;0;0;3000;41;2463;0;40252
629;2;1;0;0;3000;41;2463;0;40252
630;2;1;0;0;3000;41;2463;0;40262
631;2;1;0;0;3000;41;2463;0;40262
632;2;1;0;0;3000;41;2463;0;40272
633;2;1;0;0;3000;41;2463;0;40272
634;2;1;0;0;3000;41;2463;0;40282
635;2;1;0;0;3000;41;2463;0;40282
636;2;1;0;0;3000;41;2463;0;40302
637;2;1;0;0;3000;41;2463;0;40322
638;2;1;0;0;3000;41;2463;0;40322
639;2;1;0;0;3000;41;2463;0;40342
640;2;1;0;0;3000;41;2463;0;40342
641;2;1;0;0;3000;41;2463;0;40382
642;2;1;0;0;3000;41;2463;0;40392
643;2;1;0;0;3000;41;2463;0;40412
644;2;1;0;0;3000;41;2463;0;40422
645;2;1;0;0;3000;41;2463;0;40432
646;2;1;0;0;3000;41;2463;0;40442
647;2;1;0;0;3000;41;2463;0;40442
648;2;1;0;0;3000;41;2463;0;40462
649;2;1;0;0;3000;41;2463;0;40462
650;2;1;0;0;3000;41;2463;0;40482
651;2;1;0;0;3000;41;2463;0;40482
652;2;1;0;0;3000;41;2463;0;40502
653;2;1;0;0;3000;41;2463;0;40522
654;2;1;0;0;3000;41;2463;0;40532
655;2;1;0;0;3000;41;2463;0;40542
656;2;1;0;0;3000;41;2463;0;40552
657;2;1;0;0;3000;41;2463;0;40562
658;2;1;0;0;3000;41;2463;0;40572
659;2;1;0;0;3000;41;2463;0;40582
660;2;1;0;0;3000;41;2463;0;40592
661;2;1;0;0;3000;41;2463;0;40612
662;2;1;0;0;3000;41;2463;0;40622
663;2;1;0;0;3000;41;2463;0;40632
664;2;1;0;0;3000;41;2463;0;40632
665;2;1;0;0;3000;41;2463;0;40652
666;2;1;0;0;3000;41;2463;0;40652
667;2;1;0;0;3000;41;2463;0;40672
668;2;1;0;0;3000;41;2463;0;40672
669;2;1;0;0;3000;41;2463;0;40692
670;2;1;0;0;3000;41;2463;0;40692
671;2;1;0;0;3000;41;2463;0;40712
672;2;2;0;0;3000;70;3339;0;40732
673;2;2;0;0;3000;70;3339;0;40732
674;2;2;0;0;3000;70;3339;0;40752
675;2;2;0;0;3000;70;3339;0;40752
676;2;2;0;0;3000;70;3339;0;40772
677;2;2;0;0;3000;70;3339;0;40772
678;2;2;0;0;3000;70;3339;0;40782
679;2;2;0;0;3000;70;3339;0;40792
680;2;2;0;0;3000;70;3339;0;40802
681;2;2;0;0;3000;70;3339;0;40822
682;2;2;0;0;3000;70;3339;0;40832
683;2;2;0;0;3000;70;3339;0;40832
684;2;2;0;0;3000;70;3339;0;40842
685;2;2;0;0;3000;70;3339;0;40852
686;2;2;0;0;3000;70;3339;0;40862
687;2;2;0;0;3000;70;3339;0;40872
688;2;2;0;0;3000;70;3339;0;40882
689;2;2;0;0;3000;70;3339;0;40902
690;2;2;0;0;3000;70;3339;0;40912
691;2;2;0;0;3000;3559;84350;0;40922
692;2;2;0;0;3000;3559;84350;0;40932
693;2;2;0;0;3000;3559;84350;0;40942
694;2;2;0;0;3000;3559;84350;0;40952
695;2;2;0;0;3000;3559;84350;0;40962
696;2;2;0;0;3000;3559;84350;0;40972
697;2;2;0;0;3000;3559;84350;0;40982
698;2;2;0;0;3000;3559;84350;0;40992
699;2;2;0;0;3000;3559;84350;0;41012
700;2;2;0;0;3000;3559;84350;0;41032
701;2;2;0;0;3000;3559;84350;0;41042
702;2;2;0;0;3000;3559;84350;0;41052
703;2;2;0;0;3000;3559;84350;0;41062
704;2;2;0;0;3000;3559;84350;0;41072
705;2;2;0;0;3000;3559;84350;0;41082
706;2;3;0;0;0;17825;214144;0;41092
707;2;3;0;0;0;17825;214144;0;41102
708;2;4;0;0;0;18349;223673;0;41112
709;2;4;0;0;0;21668;239724;0;41132
710;2;4;0;0;0;24113;249380;0;41142
711;2;4;0;0;0;24859;254821;0;41152
712;2;4;0;0;0;25574;260005;0;41172
713;2;4;0;0;0;24801;261736;0;41172
714;2;4;0;0;0;27449;271335;0;41182
715;2;4;0;0;0;26641;272801;0;41192
716;2;4;0;0;0;29421;282473;0;41202
717;2;4;0;0;0;31497;293455;0;41222
718;2;4;0;0;0;34482;303121;0;41232
719;2;4;0;0;0;35241;307609;0;41252
720;2;4;0;0;0;36056;312157;0;41252
721;2;4;0;0;0;36899;316677;0;41272
722;2;4;0;0;0;37779;321198;0;41272
723;2;4;0;0;0;38689;325702;0;41292
724;2;4;0;0;0;39643;330222;0;41292
725;2;4;0;0;0;40588;334610;0;41312
726;2;4;0;0;0;42579;343352;0;41332
727;2;4;0;0;0;46054;352993;0;41332
728;2;4;0;0;0;46054;352993;0;41342
729;2;4;0;0;0;46860;356602;0;41342
730;2;4;0;0;0;47686;360172;0;41362
731;2;4;0;0;0;46053;358297;0;41362
732;2;4;0;0;0;47151;362411;0;41382
733;2;4;0;0;0;48262;366453;0;41382
734;2;4;0;0;0;49369;370378;0;41402
735;2;4;0;0;0;55459;387707;0;41422
736;2;4;0;0;0;59346;397272;0;41442
737;2;4;0;0;0;59949;399325;0;41442
738;2;4;0;0;0;60573;401367;0;41462
739;2;4;0;0;0;61233;403437;0;41462
740;2;4;0;0;0;61905;405472;0;41482
741;2;4;0;0;0;62585;407466;0;41482
742;2;4;0;0;0;63282;409435;0;41502
743;2;4;0;0;0;64694;413226;0;41522
744;2;4;0;0;0;73151;432543;0;41532
745;2;4;0;0;0;69428;423861;0;41542
746;2;4;0;0;0;73722;433537;0;41552
747;2;4;0;0;0;73722;433537;0;41562
748;2;4;0;0;0;74378;434629;0;41572
749;2;4;0;0;0;74378;434629;0;41582
750;2;4;0;0;0;75124;435814;0;41592
751;2;4;0;0;0;75124;435814;0;41602
752;2;4;0;0;0;76221;437186;0;41622
753;2;4;0;0;0;80590;446734;0;41632
754;2;4;0;0;0;76399;436352;0;41642
755;2;4;0;0;0;80812;446014;0;41662
756;2;4;0;0;0;80775;445184;0;41662
757;2;4;0;0;0;80775;444449;0;41682
758;2;4;0;0;0;80805;443789;0;41682
759;2;4;0;0;0;80854;443175;0;41702
760;2;4;0;0;0;81013;442094;0;41722
761;2;4;0;0;0;85493;451775;0;41722
762;2;4;0;0;0;85226;450199;0;41742
763;2;4;0;0;0;85005;448762;0;41742
764;2;4;0;0;0;84824;447442;0;41762
765;2;4;0;0;0;84668;446202;0;41762
766;2;4;0;0;0;84542;445055;0;41782
767;2;4;0;0;0;84437;443971;0;41782
768;2;4;0;0;0;84440;443140;0;41802
769;2;4;0;0;0;93263;460399;0;41832
770;2;4;0;0;0;87608;445918;0;41842
771;2;4;0;0;0;92134;455617;0;41862
772;2;4;0;0;0;86693;441755;0;41862
773;2;4;0;0;0;91173;451443;0;41882
774;2;4;0;0;0;85933;438137;0;41882
775;2;4;0;0;0;90371;447814;0;41902
776;2;4;0;0;0;89704;444636;0;41922
777;2;4;0;0;0;89704;444636;0;41922
778;2;4;0;0;0;93418;451331;0;41942
779;2;4;0;0;0;92537;448243;0;41942
780;2;4;0;0;0;92537;448243;0;41962
781;2;4;0;0;0;92537;448243;0;41962
782;2;4;0;0;0;90507;440798;0;41982
783;2;4;0;0;0;89926;438657;0;41982
784;2;4;0;0;0;89401;436691;0;42002
785;2;4;0;0;0;88464;433146;0;42012
786;2;4;0;0;0;92841;442799;0;42022
787;2;4;0;0;0;92045;440091;0;42042
788;2;4;0;0;0;91315;437602;0;42042
789;2;4;0;0;0;90630;435281;0;42062
790;2;4;0;0;0;90001;433145;0;42062
791;2;4;0;0;0;89427;431183;0;42082
792;2;4;0;0;0;88882;429334;0;42082
793;2;4;0;0;0;88390;427646;0;42102
794;2;4;0;0;0;87925;426055;0;42122
795;2;4;0;0;0;91800;434257;0;42122
796;2;4;0;0;0;96189;443913;0;42142
797;2;4;0;0;0;89988;428475;0;42142
798;2;4;0;0;0;89348;426458;0;42162
799;2;4;0;0;0;88768;424624;0;42162
800;2;4;0;0;0;88223;422912;0;42182
801;2;4;0;0;0;88223;422912;0;42182
802;2;4;0;0;0;87247;419854;0;42202
803;2;4;0;0;0;90628;426886;0;42222
804;2;4;0;0;0;94952;436561;0;42242
805;2;4;0;0;0;93827;433185;0;42242
806;2;4;0;0;0;92783;430093;0;42262
807;2;4;0;0;0;91820;427277;0;42262
808;2;4;0;0;0;90928;424700;0;42282
809;2;4;0;0;0;90105;422351;0;42282
810;2;4;0;0;0;89339;420193;0;42302
811;2;4;0;0;0;87976;416422;0;42322
812;2;4;0;0;0;96499;435742;0;42332
813;2;4;0;0;0;89957;419785;0;42342
814;2;4;0;0;0;94207;429452;0;42362
815;2;4;0;0;0;94207;429452;0;42362
816;2;4;0;0;0;92247;424245;0;42372
817;2;4;0;0;0;92247;424245;0;42382
818;2;4;0;0;0;85874;408964;0;42392
819;2;4;0;0;0;85874;408964;0;42402
820;2;4;0;0;0;84909;406694;0;42422
821;2;4;0;0;0;89014;416327;0;42432
822;2;4;0;0;0;88243;414317;0;42442
823;2;4;0;0;0;91684;422105;0;42452
824;2;4;0;0;0;91684;422105;0;42462
825;2;4;0;0;0;90044;417926;0;42472
826;2;4;0;0;0;90044;417926;0;42482
827;2;4;0;0;0;84548;404828;0;42492
828;2;4;0;0;0;84548;404828;0;42502
829;2;4;0;0;0;83700;402981;0;42502
830;2;4;0;0;0;83325;402188;0;42522
831;2;4;0;0;0;82665;400833;0;42542
832;2;4;0;0;0;90875;420149;0;42562
833;2;4;0;0;0;85209;406480;0;42562
834;2;4;0;0;0;89323;416140;0;42582
835;2;4;0;0;0;83971;403314;0;42582
836;2;4;0;0;0;87999;412848;0;42602
837;2;4;0;0;0;87241;410898;0;42622
838;2;4;0;0;0;90679;418788;0;42622
839;2;4;0;0;0;94931;428482;0;42642
840;2;4;0;0;0;88384;412641;0;42652
841;2;4;0;0;0;87546;410559;0;42652
842;2;4;0;0;0;86761;408651;0;42672
843;2;4;0;0;0;81717;396820;0;42672
844;2;4;0;0;0;85729;406468;0;42692
845;2;4;0;0;0;85111;405035;0;42692
846;2;4;0;0;0;84535;403731;0;42712
847;2;4;0;0;0;83846;402517;0;42732
848;2;4;0;0;0;87907;412145;0;42732
849;2;4;0;0;0;87098;410104;0;42752
850;2;4;0;0;0;86356;408274;0;42752
851;2;4;0;0;0;85673;406628;0;42772
852;2;4;0;0;0;80783;395140;0;42772
853;2;4;0;0;0;84784;404802;0;42792
854;2;4;0;0;0;80055;393707;0;42792
855;2;4;0;0;0;84041;403368;0;42812
856;2;4;0;0;0;79450;392593;0;42822
857;2;4;0;0;0;82995;401289;0;42832
858;2;4;0;0;0;87058;410952;0;42852
859;2;4;0;0;0;87058;410952;0;42852
860;2;4;0;0;0;85976;408380;0;42872
861;2;4;0;0;0;85976;408380;0;42882
862;2;4;0;0;0;84691;396527;0;42892
863;2;4;0;0;0;79840;376596;0;42902
864;2;4;0;0;0;83610;377474;0;42912
865;2;4;0;0;0;85930;359707;0;42932
866;2;4;0;0;0;85930;359707;0;42942
867;2;4;0;0;0;89530;360585;0;42942
868;2;4;0;0;0;83124;337826;0;42962
869;2;4;0;0;0;77741;318038;0;42962
870;2;4;0;0;0;80928;318917;0;42982
871;2;4;0;0;0;75669;299853;0;42982
872;2;4;0;0;0;78674;300732;0;43002
873;2;4;0;0;0;76368;283246;0;43022
874;2;4;0;0;0;79205;284124;0;43022
875;2;4;0;0;0;77563;274399;0;43042
876;2;4;0;0;0;72043;255754;0;43042
877;2;4;0;0;0;74606;256632;0;43062
878;2;4;0;0;0;69306;238929;0;43062
879;2;4;0;0;0;71703;239808;0;43082
880;2;4;0;0;0;66613;222989;0;43082
881;2;4;0;0;0;68849;223868;0;43102
882;2;4;0;0;0;66043;208760;0;43122
883;2;4;0;0;0;68136;209638;0;43122
884;2;4;0;0;0;66374;201383;0;43142
885;2;4;0;0;0;61313;185533;0;43142
886;2;4;0;0;0;63173;186412;0;43162
887;2;4;0;0;0;58377;171541;0;43162
888;2;4;0;0;0;60099;172420;0;43182
889;2;4;0;0;0;55543;158449;0;43182
890;2;4;0;0;0;57134;159328;0;43202
891;2;4;0;0;0;54276;147078;0;43222
892;2;4;0;0;0;55751;147956;0;43222
893;2;4;0;0;0;54074;141356;0;43242
894;2;4;0;0;0;54074;141356;0;43252
895;2;4;0;0;0;52450;135043;0;43262
896;2;4;0;0;0;46813;117236;0;43272
897;2;4;0;0;0;41649;97863;0;43302
898;2;4;0;0;0;43624;99620;0;43322
899;2;4;0;0;0;44625;100498;0;43342
900;2;4;0;0;0;40632;89576;0;43352
901;2;4;0;0;0;41532;90454;0;43362
902;2;4;0;0;0;37862;80552;0;43372
903;2;4;0;0;0;38672;81431;0;43382
904;2;4;0;0;0;35289;72429;0;43392
905;2;4;0;0;0;36019;73308;0;43402
906;2;4;0;0;0;34213;66863;0;43422
907;2;4;0;0;0;34890;67746;0;43442
908;2;4;0;0;0;33433;63619;0;43452
909;2;4;0;0;0;32052;59773;0;43462
910;2;4;0;0;0;32052;59773;0;43472
911;2;4;0;0;0;29415;52573;0;43482
912;2;4;0;0;0;28230;49464;0;43492
913;2;4;0;0;0;27100;46558;0;43502
914;2;4;0;0;0;24930;41083;0;43522
915;2;4;0;0;0;25346;41964;0;43532
916;2;4;0;0;0;24281;39392;0;43542
917;2;4;0;0;0;23270;37005;0;43552
918;2;4;0;0;0;22307;34786;0;43562
919;2;4;0;0;0;21388;32723;0;43572
920;2;4;0;0;0;20512;30804;0;43582
921;2;4;0;0;0;19676;29022;0;43592
922;2;4;0;0;0;18114;25829;0;43612
923;2;4;0;0;0;18377;26707;0;43622
924;2;4;0;0;0;17595;25140;0;43632
925;2;4;0;0;0;16851;23698;0;43642
926;2;4;0;0;0;16143;22373;0;43652
927;2;4;0;0;0;15469;21156;0;43662
928;2;4;0;0;0;14828;20043;0;43672
929;2;4;0;0;0;14216;19020;0;43682
930;2;4;0;0;0;13633;18089;0;43692
931;2;4;0;0;0;13077;17240;0;43702
932;2;4;0;0;0;12204;16653;0;43732
933;2;4;0;0;0;12375;17532;0;43742
934;2;4;0;0;0;11183;15207;0;43752
935;2;4;0;0;0;11339;16083;0;43762
936;2;4;0;0;0;10852;15437;0;43772
937;2;4;0;0;0;10390;14866;0;43782
938;2;4;0;0;0;9429;13144;0;43792
939;2;4;0;0;0;9565;14024;0;43802
940;2;4;0;0;0;8807;13340;0;43822
941;2;4;0;0;0;8945;14218;0;43832
942;2;4;0;0;0;8575;13890;0;43842
943;2;4;0;0;0;8229;13624;0;43852
944;2;4;0;0;0;7903;13412;0;43862
945;2;4;0;0;0;7597;13253;0;43872
946;2;4;0;0;0;7311;13141;0;43882
947;2;4;0;0;0;6678;12225;0;43892
948;2;4;0;0;0;6805;13104;0;43902
949;2;4;0;0;0;6360;13201;0;43922
950;2;4;0;0;0;6642;14957;0;43942
951;2;4;0;0;0;6049;14085;0;43952
952;2;4;0;0;0;6194;14963;0;43962
953;2;4;0;0;0;5663;14239;0;43972
954;2;4;0;0;0;5810;15118;0;43982
955;2;4;0;0;0;5333;14516;0;43992
956;2;4;0;0;0;5483;15395;0;44002
957;2;4;0;0;0;5206;15772;0;44022
958;2;4;0;0;0;5368;16650;0;44032
959;2;4;0;0;0;5225;16793;0;44042
960;2;4;0;0;0;5094;16963;0;44052
961;2;4;0;0;0;4975;17157;0;44062
962;2;4;0;0;0;4615;16782;0;44072
963;2;4;0;0;0;4787;17661;0;44082
964;2;4;0;0;0;4458;17347;0;44092
965;2;4;0;0;0;4636;18225;0;44102
966;2;4;0;0;0;4519;18839;0;44122
967;2;4;0;0;0;4712;19716;0;44132
968;2;4;0;0;0;4642;19959;0;44142
969;2;4;0;0;0;4582;20218;0;44152
970;2;4;0;0;0;4298;19947;0;44162
971;2;4;0;0;0;4501;20825;0;44172
972;2;4;0;0;0;4238;20586;0;44182
973;2;4;0;0;0;4448;21464;0;44192
974;2;4;0;0;0;4201;21249;0;44202
975;2;4;0;0;0;4418;22126;0;44212
976;2;4;0;0;0;4402;22437;0;44222
977;2;4;0;0;0;4392;22752;0;44232
978;2;4;0;0;0;4386;23072;0;44242
979;2;4;0;0;0;4386;23394;0;44252
980;2;4;0;0;0;4178;23221;0;44262
981;2;4;0;0;0;4415;24100;0;44272
982;2;4;0;0;0;4213;23922;0;44282
983;2;4;0;0;0;4457;24800;0;44292
984;2;4;0;0;0;4261;24616;0;44302
985;2;4;0;0;0;4512;25494;0;44312
986;2;4;0;0;0;4576;26176;0;44332
987;2;4;0;0;0;4842;27053;0;44342
988;2;4;0;0;0;4851;27298;0;44352
989;2;4;0;0;0;4625;26978;0;44362
990;2;4;0;0;0;4899;27856;0;44372
991;2;4;0;0;0;4677;27532;0;44382
992;2;4;0;0;0;4957;28410;0;44392
993;2;4;0;0;0;4738;28078;0;44402
994;2;4;0;0;0;5023;28958;0;44412
995;2;4;0;0;0;5096;29493;0;44432
996;2;4;0;0;0;5395;30371;0;44442
997;2;4;0;0;0;5402;30531;0;44452
998;2;4;0;0;0;5143;30053;0;44462
999;2;4;0;0;0;5448;30932;0;44472
1000;2;4;0;0;0;5194;30456;0;44482
1001;2;4;0;0;0;5503;31334;0;44492
1002;2;4;0;0;0;5250;30855;0;44502
1003;2;4;0;0;0;5564;31733;0;44512
1004;2;4;0;0;0;5313;31248;0;44522
1005;2;4;0;0;0;5653;32282;0;44542
1006;2;4;0;0;0;5984;33171;0;44552
1007;2;4;0;0;0;5981;33241;0;44562
1008;2;4;0;0;0;5984;33326;0;44582
1009;2;4;0;0;0;5984;33326;0;44582
1010;2;4;0;0;0;5999;33511;0;44602
1011;2;4;0;0;0;6010;33611;0;44602
1012;2;4;0;0;0;6038;33816;0;44622
1013;2;4;0;0;0;6733;35575;0;44642
1014;2;4;0;0;0;6733;35575;0;44652
1015;2;4;0;0;0;6339;34669;0;44652
1016;2;4;0;0;0;6690;35548;0;44672
1017;2;4;0;0;0;6314;34691;0;44672
1018;2;4;0;0;0;6319;34754;0;44692
1019;2;4;0;0;0;6328;34823;0;44692
1020;2;4;0;0;0;6333;34016;0;44712
1021;2;4;0;0;0;6325;32413;0;44722
1022;2;4;0;0;0;6650;32413;0;44732
1023;2;4;0;0;0;6602;31538;0;44742
1024;2;4;0;0;0;6552;30675;0;44762
1025;2;4;0;0;0;6315;27347;0;44792
1026;2;4;0;0;0;6250;26545;0;44802
1027;2;4;0;0;0;6179;25755;0;44812
1028;2;4;0;0;0;6032;24212;0;44832
1029;2;4;0;0;0;6274;24212;0;44842
1030;2;4;0;0;0;6274;24212;0;44852
1031;2;4;0;0;0;6168;23391;0;44852
1032;2;4;0;0;0;6063;22589;0;44872
1033;2;4;0;0;0;5659;21103;0;44872
1034;2;4;0;0;0;5576;20410;0;44892
1035;2;4;0;0;0;5492;19729;0;44892
1036;2;4;0;0;0;5406;19058;0;44902
1037;2;4;0;0;0;5230;17752;0;44932
1038;2;4;0;0;0;5408;17752;0;44932
1039;2;4;0;0;0;5590;17752;0;44952
1040;2;4;0;0;0;5166;16336;0;44952
1041;2;4;0;0;0;5055;15685;0;44972
1042;2;4;0;0;0;4945;15050;0;44972
1043;2;4;0;0;0;4835;14431;0;44992
1044;2;4;0;0;0;4725;13827;0;44992
1045;2;4;0;0;0;4616;13239;0;45012
1046;2;4;0;0;0;4521;12106;0;45032
1047;2;4;0;0;0;4642;12106;0;45042
1048;2;4;0;0;0;4261;10914;0;45052
1049;2;4;0;0;0;4370;10914;0;45072
1050;2;4;0;0;0;4370;10914;0;45072
1051;2;4;0;0;0;4100;9768;0;45092
1052;2;4;0;0;0;3970;9229;0;45092
1053;2;4;0;0;0;3843;8709;0;45112
1054;2;4;0;0;0;3598;7730;0;45132
1055;2;4;0;0;0;3753;7730;0;45142
1056;2;4;0;0;0;3408;6734;0;45152
1057;2;4;0;0;0;3475;6734;0;45162
1058;2;4;0;0;0;3339;6256;0;45172
1059;2;4;0;0;0;3339;6256;0;45182
1060;2;4;0;0;0;3082;5370;0;45192
1061;2;4;0;0;0;2843;4567;0;45212
1062;2;4;0;0;0;2889;4567;0;45232
1063;2;4;0;0;0;2765;4074;0;45232
1064;2;4;0;0;0;2644;3601;0;45252
1065;2;4;0;0;0;2528;3149;0;45252
1066;2;4;0;0;0;2415;2715;0;45272
1067;2;4;0;0;0;2305;2299;0;45272
1068;2;4;0;0;0;2198;1900;0;45292
1069;2;4;0;0;0;2094;1518;0;45292
1070;2;4;0;0;0;1993;1150;0;45312
1071;2;4;0;0;0;1796;447;0;45332
1072;2;4;0;0;0;1803;252;0;45342
1073;2;4;0;0;0;1604;-315;0;45352
1074;2;4;0;0;0;1600;-413;0;45362
1075;2;4;0;0;0;1419;-921;0;45372
1076;2;4;0;0;0;1409;-1018;0;45382
1077;2;4;0;0;0;1246;-1471;0;45392
1078;2;4;0;0;0;1231;-1569;0;45412
1079;2;4;0;0;0;1062;-2075;0;45432
1080;2;4;0;0;0;1041;-2173;0;45432
1081;2;4;0;0;0;958;-2411;0;45452
1082;2;4;0;0;0;879;-2637;0;45452
1083;2;4;0;0;0;802;-2851;0;45472
1084;2;4;0;0;0;727;-3054;0;45472
1085;2;4;0;0;0;655;-3247;0;45492
1086;2;4;0;0;0;586;-3429;0;45492
1087;2;4;0;0;0;519;-3602;0;45512
1088;2;4;0;0;0;391;-3922;0;45532
1089;2;4;0;0;0;310;-4117;0;45542
1090;2;4;0;0;0;234;-4296;0;45552
1091;2;4;0;0;0;190;-4393;0;45572
1092;2;4;0;0;0;135;-4517;0;45572
1093;2;4;0;0;0;81;-4632;0;45592
1094;2;4;0;0;0;30;-4741;0;45592
1095;2;4;0;0;0;-19;-4843;0;45612
1096;2;4;0;0;0;-66;-4937;0;45622
1097;2;4;0;0;0;-157;-5109;0;45632
1098;2;4;0;0;0;-208;-5206;0;45652
1099;2;4;0;0;0;-249;-5276;0;45652
1100;2;4;0;0;0;-288;-5341;0;45672
1101;2;4;0;0;0;-326;-5400;0;45672
1102;2;4;0;0;0;-362;-5455;0;45692
1103;2;4;0;0;0;-397;-5506;0;45692
1104;2;4;0;0;0;-430;-5552;0;45712
1105;2;4;0;0;0;-494;-5633;0;45732
1106;2;4;0;0;0;-577;-5755;0;45742
1107;2;4;0;0;0;-602;-5776;0;45752
1108;2;4;0;0;0;-602;-5776;0;45752
1109;2;4;0;0;0;-661;-5874;0;45772
1110;2;4;0;0;0;-647;-5800;0;45772
1111;2;4;0;0;0;-670;-5815;0;45792
1112;2;4;0;0;0;-659;-5750;0;45792
1113;2;4;0;0;0;-717;-5848;0;45812
1114;2;4;0;0;0;-760;-5870;0;45822
1115;2;4;0;0;0;-819;-5968;0;45832
1116;2;4;0;0;0;-834;-5957;0;45852
1117;2;4;0;0;0;-805;-5847;0;45852
1118;2;4;0;0;0;-864;-5945;0;45872
1119;2;4;0;0;0;-834;-5829;0;45872
1120;2;4;0;0;0;-892;-5927;0;45892
1121;2;4;0;0;0;-859;-5806;0;45892
1122;2;4;0;0;0;-918;-5904;0;45912
1123;2;4;0;0;0;-1001;-5973;0;45932
1124;2;4;0;0;0;-1061;-6071;0;45942
1125;2;4;0;0;0;-1004;-5889;0;45952
1126;2;4;0;0;0;-1063;-5987;0;45972
1127;2;4;0;0;0;-1006;-5809;0;45972
1128;2;4;0;0;0;-1065;-5907;0;45992
1129;2;4;0;0;0;-1009;-5733;0;45992
1130;2;4;0;0;0;-1066;-5786;0;46012
1131;2;4;0;0;0;-1124;-5884;0;46032
1132;2;4;0;0;0;-1059;-5689;0;46032
1133;2;4;0;0;0;-1116;-5786;0;46052
1134;2;4;0;0;0;-1053;-5598;0;46052
1135;2;4;0;0;0;-1109;-5695;0;46072
1136;2;4;0;0;0;-1109;-5695;0;46072
1137;2;4;0;0;0;-1102;-5610;0;46092
1138;2;4;0;0;0;-1042;-5432;0;46092
1139;2;4;0;0;0;-1097;-5530;0;46112
1140;2;4;0;0;0;-1091;-5454;0;46122
1141;2;4;0;0;0;-1146;-5551;0;46132
1142;2;4;0;0;0;-1146;-5551;0;46142
1143;2;4;0;0;0;-1136;-5494;0;46142
1144;2;4;0;0;0;-1069;-5304;0;46162
1145;2;4;0;0;0;-1013;-5145;0;46162
1146;2;4;0;0;0;-1065;-5242;0;46182
1147;2;4;0;0;0;-1010;-5085;0;46182
1148;2;4;0;0;0;-1061;-5183;0;46202
1149;2;4;0;0;0;-1007;-5028;0;46202
1150;2;4;0;0;0;-1057;-5125;0;46222
1151;2;4;0;0;0;-1053;-5069;0;46242
1152;2;4;0;0;0;-1104;-5166;0;46242
1153;2;4;0;0;0;-1023;-4876;0;46282
1154;2;4;0;0;0;-1023;-4876;0;46282
1155;2;4;0;0;0;-1072;-4974;0;46302
1156;2;4;0;0;0;-1012;-4810;0;46302
1157;2;4;0;0;0;-1061;-4908;0;46322
1158;2;4;0;0;0;-1050;-4846;0;46342
1159;2;4;0;0;0;-1099;-4943;0;46342
1160;2;4;0;0;0;-1088;-4895;0;46362
1161;2;4;0;0;0;-1023;-4720;0;46362
1162;2;4;0;0;0;-1070;-4817;0;46382
1163;2;4;0;0;0;-1007;-4649;0;46382
1164;2;4;0;0;0;-1054;-4747;0;46402
1165;2;4;0;0;0;-993;-4584;0;46402
1166;2;4;0;0;0;-1039;-4682;0;46422
1167;2;4;0;0;0;-1026;-4623;0;46432
1168;2;4;0;0;0;-1072;-4720;0;46442
1169;2;4;0;0;0;-1060;-4674;0;46462
1170;2;4;0;0;0;-1048;-4631;0;46462
1171;2;4;0;0;0;-1036;-4590;0;46482
1172;2;4;0;0;0;-1083;-4688;0;46482
1173;2;4;0;0;0;-1011;-4505;0;46502
1174;2;4;0;0;0;-1002;-4472;0;46502
1175;2;4;0;0;0;-993;-4441;0;46522
1176;2;4;0;0;0;-976;-4384;0;46542
1177;2;4;0;0;0;-1020;-4482;0;46542
1178;2;4;0;0;0;-1009;-4445;0;46562
1179;2;4;0;0;0;-997;-4409;0;46562
1180;2;4;0;0;0;-987;-4376;0;46582
1181;2;4;0;0;0;-987;-4376;0;46582
1182;2;4;0;0;0;-967;-4318;0;46602
1183;2;4;0;0;0;-911;-4180;0;46602
1184;2;4;0;0;0;-954;-4277;0;46622
1185;2;4;0;0;0;-989;-4351;0;46642
1186;2;4;0;0;0;-927;-4200;0;46642
1187;2;4;0;0;0;-970;-4297;0;46662
1188;2;4;0;0;0;-959;-4267;0;46662
1189;2;4;0;0;0;-950;-4240;0;46682
1190;2;4;0;0;0;-894;-4104;0;46682
1191;2;4;0;0;0;-935;-4202;0;46702
1192;2;4;0;0;0;-927;-4179;0;46712
1193;2;4;0;0;0;-919;-4158;0;46722
1194;2;4;0;0;0;-946;-4218;0;46742
1195;2;4;0;0;0;-989;-4316;0;46762
1196;2;4;0;0;0;-923;-4155;0;46762
1197;2;4;0;0;0;-965;-4253;0;46782
1198;2;4;0;0;0;-903;-4102;0;46782
1199;2;4;0;0;0;-944;-4200;0;46802
1200;2;4;0;0;0;-885;-4058;0;46802
1201;2;4;0;0;0;-926;-4156;0;46822
1202;2;4;0;0;0;-911;-4119;0;46842
1203;2;4;0;0;0;-952;-4217;0;46842
1204;2;4;0;0;0;-995;-4314;0;46862
1205;2;4;0;0;0;-924;-4144;0;46872
1206;2;4;0;0;0;-914;-4118;0;46872
1207;2;4;0;0;0;-904;-4095;0;46892
1208;2;4;0;0;0;-849;-3968;0;46892
1209;2;4;0;0;0;-889;-4066;0;46912
1210;2;4;0;0;0;-874;-4032;0;46932
1211;2;4;0;0;0;-915;-4129;0;46932
1212;2;4;0;0;0;-904;-4104;0;46952
1213;2;4;0;0;0;-894;-4082;0;46952
1214;2;4;0;0;0;-885;-4061;0;46972
1215;2;4;0;0;0;-877;-4043;0;46972
1216;2;4;0;0;0;-869;-4027;0;46992
1217;2;4;0;0;0;-862;-4012;0;46992
1218;2;4;0;0;0;-856;-3999;0;47012
1219;2;4;0;0;0;-844;-3978;0;47032
1220;2;4;0;0;0;-925;-4173;0;47052
1221;2;4;0;0;0;-864;-4029;0;47052
1222;2;4;0;0;0;-905;-4126;0;47072
1223;2;4;0;0;0;-848;-3992;0;47072
1224;2;4;0;0;0;-888;-4089;0;47092
1225;2;4;0;0;0;-834;-3963;0;47092
1226;2;4;0;0;0;-873;-4060;0;47112
1227;2;4;0;0;0;-862;-4038;0;47132
1228;2;4;0;0;0;-902;-4134;0;47132
1229;2;4;0;0;0;-891;-4109;0;47152
1230;2;4;0;0;0;-836;-3979;0;47152
1231;2;4;0;0;0;-876;-4076;0;47172
1232;2;4;0;0;0;-876;-4076;0;47172
1233;2;4;0;0;0;-860;-4041;0;47192
1234;2;4;0;0;0;-852;-4026;0;47202
1235;2;4;0;0;0;-840;-4001;0;47222
1236;2;4;0;0;0;-880;-4099;0;47232
1237;2;4;0;0;0;-871;-4078;0;47242
1238;2;4;0;0;0;-863;-4060;0;47252
1239;2;4;0;0;0;-855;-4044;0;47262
1240;2;4;0;0;0;-848;-4030;0;47272
1241;2;4;0;0;0;-842;-4017;0;47282
1242;2;4;0;0;0;-836;-4006;0;47292
1243;2;4;0;0;0;-831;-3996;0;47302
1244;2;4;0;0;0;-826;-3988;0;47312
1245;2;4;0;0;0;-818;-3975;0;47332
1246;2;4;0;0;0;-858;-4072;0;47342
1247;2;4;0;0;0;-851;-4057;0;47342
1248;2;4;0;0;0;-845;-4043;0;47362
1249;2;4;0;0;0;-797;-3933;0;47372
1250;2;4;0;0;0;-797;-3933;0;47382
1251;2;4;0;0;0;-832;-4020;0;47382
1252;2;4;0;0;0;-827;-4011;0;47402
1253;2;4;0;0;0;-823;-4003;0;47402
1254;2;4;0;0;0;-819;-3997;0;47422
1255;2;4;0;0;0;-816;-3995;0;47442
1256;2;4;0;0;0;-856;-4093;0;47442
1257;2;4;0;0;0;-850;-4078;0;47462
1258;2;4;0;0;0;-844;-4064;0;47472
1259;2;4;0;0;0;-839;-4052;0;47482
1260;2;4;0;0;0;-834;-4041;0;47492
1261;2;4;0;0;0;-829;-4032;0;47502
1262;2;4;0;0;0;-825;-4024;0;47512
1263;2;4;0;0;0;-821;-4016;0;47522
1264;2;4;0;0;0;-815;-4004;0;47542
1265;2;4;0;0;0;-855;-4102;0;47552
1266;2;4;0;0;0;-849;-4087;0;47562
1267;2;4;0;0;0;-844;-4073;0;47572
1268;2;4;0;0;0;-839;-4061;0;47582
1269;2;4;0;0;0;-834;-4051;0;47592
1270;2;4;0;0;0;-830;-4041;0;47602
1271;2;4;0;0;0;-826;-4033;0;47612
1272;2;4;0;0;0;-822;-4025;0;47622
1273;2;4;0;0;0;-816;-4013;0;47642
1274;2;4;0;0;0;-856;-4110;0;47652
1275;2;4;0;0;0;-850;-4095;0;47662
1276;2;4;0;0;0;-845;-4082;0;47672
1277;2;4;0;0;0;-840;-4070;0;47672
1278;2;4;0;0;0;-835;-4059;0;47692
1279;2;4;0;0;0;-790;-3953;0;47692
1280;2;4;0;0;0;-830;-4050;0;47712
1281;3;4;0;0;0;-867;-4142;0;47752
1282;3;4;0;0;0;-867;-4142;0;47955
1283;3;4;0;0;0;-867;-4142;0;51755
